pstellino0,ekeeping0@hibu.com,Kp7HGz8S0nq,"Sed sagittis. Nam congue, risus semper porta volutpat, quam pede lobortis ligula, sit amet eleifend pede libero quis orci. Nullam molestie nibh in lectus."
hmachan1,cdransfield1@fotki.com,2fwwqt,"Sed sagittis. Nam congue, risus semper porta volutpat, quam pede lobortis ligula, sit amet eleifend pede libero quis orci. Nullam molestie nibh in lectus."
rdansken2,bsottell2@opera.com,UHByKU,
abrown3,bgives3@google.nl,o8U65WY3SuP3,"Morbi non lectus. Aliquam sit amet diam in magna bibendum imperdiet. Nullam orci pede, venenatis non, sodales sed, tincidunt eu, felis."
fdivell4,myuill4@washingtonpost.com,5vNghvn04m,"Quisque id justo sit amet sapien dignissim vestibulum. Vestibulum ante ipsum primis in faucibus orci luctus et ultrices posuere cubilia Curae; Nulla dapibus dolor vel est. Donec odio justo, sollicitudin ut, suscipit a, feugiat et, eros."
vrogeron5,bpennycook5@jugem.jp,M5k6Ueir2i,Suspendisse potenti. In eleifend quam a odio. In hac habitasse platea dictumst.
bmoreinu6,jgarbott6@arizona.edu,xttzANvFt0i,Pellentesque at nulla. Suspendisse potenti. Cras in purus eu magna vulputate luctus.
cwroth7,calford7@stumbleupon.com,aP3Y6GkE,Aenean lectus. Pellentesque eget nunc. Donec quis orci eget orci vehicula condimentum.
dwalworth8,aledingham8@ovh.net,HEps0e0hpo,
ldelaspee9,cdequesne9@networksolutions.com,xM8x4LXD,Duis consequat dui nec nisi volutpat eleifend. Donec ut dolor. Morbi vel lectus in quam fringilla rhoncus.
bmcarda,ewakelinga@issuu.com,HiJmXG,Duis bibendum. Morbi non quam nec dui luctus rutrum. Nulla tellus.
conealb,jglusbyb@topsy.com,QRfcqStF52Rs,Nulla ut erat id mauris vulputate elementum. Nullam varius. Nulla facilisi.
emehmetc,echarityc@freewebs.com,cE77Hcnqh,
cpassod,mtongsd@rakuten.co.jp,6FHPQwWg4tr,
odagge,sgommowee@dagondesign.com,FJ7J92cF3xl,"Maecenas leo odio, condimentum id, luctus nec, molestie sed, justo. Pellentesque viverra pede ac diam. Cras pellentesque volutpat dui."
jdalrymplef,cpillingtonf@rambler.ru,wmb7U5uuu,
jrobertseng,tfearong@weather.com,j6HFvsJ7N,
gcapehornh,wboulth@g.co,Hjy4Z1YjuaP,
bcolei,smohammedi@pagesperso-orange.fr,CNqYZB,
tbraddockj,btaceyj@cornell.edu,sxi1j6n3,"Mauris enim leo, rhoncus sed, vestibulum sit amet, cursus id, turpis. Integer aliquet, massa id lobortis convallis, tortor risus dapibus augue, vel accumsan tellus nisi eu orci. Mauris lacinia sapien quis libero."
hkinnettk,nfawcittk@angelfire.com,tyak8y,
pglayzerl,acroppl@rakuten.co.jp,KsxyZ29PDCx,"Quisque porta volutpat erat. Quisque erat eros, viverra eget, congue eget, semper rutrum, nulla. Nunc purus."
gsarrellm,rerskinm@imgur.com,bJ2RVpmqxlwK,
gmynettn,lranscombn@springer.com,vL4iSCAHT,
cgoodouneo,ssproato@naver.com,QTLyF5O5,"Morbi non lectus. Aliquam sit amet diam in magna bibendum imperdiet. Nullam orci pede, venenatis non, sodales sed, tincidunt eu, felis."
cmishp,gmaudsleyp@newsvine.com,4eeaPnIKldj,
cphilipponq,tparadyceq@stumbleupon.com,zrkAsqRFh7,"Morbi non lectus. Aliquam sit amet diam in magna bibendum imperdiet. Nullam orci pede, venenatis non, sodales sed, tincidunt eu, felis."
gcotterellr,ghaysarr@fda.gov,xMCBi2NbF,
iespins,agiannazzis@mit.edu,11PqgdTQ,
bcrohant,dartharst@google.co.jp,lH39uE,
bturpeyu,lmathonu@joomla.org,pzhspK,
smozzettiv,csanneyv@hao123.com,WzpL7BC0,Etiam vel augue. Vestibulum rutrum rutrum neque. Aenean auctor gravida sem.
jslowgrovew,bdonoherw@networksolutions.com,3ahP7U,"Duis bibendum, felis sed interdum venenatis, turpis enim blandit mi, in porttitor pede justo eu massa. Donec dapibus. Duis at velit eu est congue elementum."
bseneschalx,khitscherx@ucoz.com,wnCBfckNQwi,Maecenas ut massa quis augue luctus tincidunt. Nulla mollis molestie lorem. Quisque ut erat.
pjanny,jkeppely@businessweek.com,t2u3VFdMkB,
hcowpez,jkalinskyz@squarespace.com,uG3fX509,
mwandrach10,eoultram10@linkedin.com,GiS2CrVSA,
scoole11,nwaple11@cnet.com,aOkriR,"In hac habitasse platea dictumst. Morbi vestibulum, velit id pretium iaculis, diam erat fermentum justo, nec condimentum neque sapien placerat ante. Nulla justo."
gfeaster12,wtweedy12@t.co,SB5vvhscu,"Cras mi pede, malesuada in, imperdiet et, commodo vulputate, justo. In blandit ultrices enim. Lorem ipsum dolor sit amet, consectetuer adipiscing elit."
tfancutt13,jlowdham13@rediff.com,0q3Y6rD8vqp,Duis aliquam convallis nunc. Proin at turpis a pede posuere nonummy. Integer non velit.
asaller14,wwhitnell14@bbb.org,aaH7wE,
alumox15,gfareweather15@ucoz.com,kklIxJ9,"Morbi porttitor lorem id ligula. Suspendisse ornare consequat lectus. In est risus, auctor sed, tristique in, tempus sit amet, sem."
mchapple16,pchadwell16@usda.gov,BREWuzeXW,
rgethouse17,rpendrick17@ibm.com,NUSopydD,
ndyneley18,ztrimming18@homestead.com,n2PGBNdHMvJ,
adurtnal19,ceagland19@amazon.com,6sKV4LnNVG,
nfolley1a,rsall1a@dmoz.org,G8RoGF39cSBF,
swoodwin1b,mgildea1b@histats.com,dYMOvEWadP,
acaen1c,pbauer1c@stumbleupon.com,19XvxU,"Cras mi pede, malesuada in, imperdiet et, commodo vulputate, justo. In blandit ultrices enim. Lorem ipsum dolor sit amet, consectetuer adipiscing elit."
cwainwright1d,hperks1d@flickr.com,wnJeEBUfK,
